marketing_touch_id,customer_id,application_id,campaign_id,channel,vendor,click_timestamp,cost_usd
MT_00001,CUST_0136,APP_00108,Camp2,paid_social,Meta,2024-02-25,6.9
MT_00002,CUST_0012,APP_00122,Camp1,affiliate,Google,2024-03-05,6.75
MT_00003,CUST_0131,APP_00017,Camp2,affiliate,Meta,2024-09-24,4.24
MT_00004,CUST_0152,APP_00196,Camp1,provider_referral,Meta,2024-03-09,2.91
MT_00005,CUST_0135,APP_00327,Camp2,provider_referral,Google,2024-08-03,3.75
MT_00006,CUST_0161,APP_00318,Camp3,provider_referral,ProviderNetwork,2024-03-29,1.77
MT_00007,CUST_0152,APP_00297,Camp3,affiliate,Meta,2024-10-07,3.77
MT_00008,CUST_0117,APP_00479,Camp2,provider_referral,Google,2024-09-13,1.13
MT_00009,CUST_0192,APP_00499,Camp2,paid_search,Meta,2024-06-08,9.78
MT_00010,CUST_0147,APP_00252,Camp2,affiliate,Meta,2024-08-21,5.43
MT_00011,CUST_0122,APP_00487,Camp1,paid_social,ProviderNetwork,2024-05-10,14.62
MT_00012,CUST_0028,APP_00119,Camp2,affiliate,Meta,2024-02-18,3.71
MT_00013,CUST_0086,APP_00162,Camp2,paid_search,Meta,2024-05-26,5.84
MT_00014,CUST_0118,APP_00198,Camp1,paid_search,Google,2024-11-11,6.01
MT_00015,CUST_0189,APP_00498,Camp3,provider_referral,Google,2024-01-02,1.12
MT_00016,CUST_0058,APP_00486,Camp2,affiliate,ProviderNetwork,2024-11-24,12.75
MT_00017,CUST_0131,APP_00045,Camp2,affiliate,Meta,2024-05-24,1.45
MT_00018,CUST_0054,APP_00314,Camp3,affiliate,Meta,2024-03-01,14.16
MT_00019,CUST_0092,APP_00179,Camp3,paid_social,Meta,2024-09-29,13.49
MT_00020,CUST_0025,APP_00382,Camp1,provider_referral,ProviderNetwork,2024-02-18,8.5
MT_00021,CUST_0065,APP_00418,Camp2,paid_search,Meta,2024-11-27,8.61
MT_00022,CUST_0064,APP_00044,Camp2,paid_search,Google,2024-05-10,10.15
MT_00023,CUST_0159,APP_00271,Camp1,provider_referral,ProviderNetwork,2024-02-12,6.42
MT_00024,CUST_0004,APP_00078,Camp3,paid_search,Google,2024-02-26,10.06
MT_00025,CUST_0136,APP_00326,Camp1,paid_search,Google,2024-02-19,1.63
MT_00026,CUST_0128,APP_00178,Camp3,provider_referral,ProviderNetwork,2024-06-26,1.76
MT_00027,CUST_0192,APP_00357,Camp1,paid_search,Google,2024-10-19,7.4
MT_00028,CUST_0189,APP_00498,Camp3,affiliate,Meta,2024-02-15,8.69
MT_00029,CUST_0173,APP_00416,Camp1,paid_social,ProviderNetwork,2024-06-18,13.43
MT_00030,CUST_0108,APP_00451,Camp3,provider_referral,Google,2024-09-27,2.47
MT_00031,CUST_0093,APP_00003,Camp3,paid_social,Meta,2024-12-01,12.52
MT_00032,CUST_0081,APP_00214,Camp3,paid_search,Meta,2024-05-18,3.94
MT_00033,CUST_0008,APP_00342,Camp3,paid_search,Google,2024-09-03,6.52
MT_00034,CUST_0002,APP_00074,Camp3,affiliate,Meta,2024-05-27,5.43
MT_00035,CUST_0018,APP_00051,Camp2,provider_referral,ProviderNetwork,2024-08-17,6.6
MT_00036,CUST_0175,APP_00067,Camp3,paid_search,Google,2024-10-06,3.11
MT_00037,CUST_0176,APP_00332,Camp2,provider_referral,Meta,2024-05-04,8.05
MT_00038,CUST_0053,APP_00093,Camp3,provider_referral,Meta,2024-07-10,12.22
MT_00039,CUST_0190,APP_00176,Camp2,provider_referral,Google,2024-03-20,7.18
MT_00040,CUST_0042,APP_00145,Camp2,provider_referral,Google,2024-04-03,7.87
MT_00041,CUST_0189,APP_00007,Camp1,provider_referral,Google,2024-08-13,12.88
MT_00042,CUST_0178,APP_00269,Camp3,paid_social,Google,2024-03-05,10.88
MT_00043,CUST_0191,APP_00376,Camp1,affiliate,ProviderNetwork,2024-03-28,7.87
MT_00044,CUST_0021,APP_00322,Camp1,provider_referral,Google,2024-03-28,4.61
MT_00045,CUST_0015,APP_00004,Camp3,paid_social,ProviderNetwork,2024-07-19,13.39
MT_00046,CUST_0005,APP_00138,Camp1,paid_search,ProviderNetwork,2024-08-01,9.08
MT_00047,CUST_0183,APP_00231,Camp3,provider_referral,Google,2024-07-22,4.1
MT_00048,CUST_0015,APP_00088,Camp1,paid_search,ProviderNetwork,2024-03-29,4.77
MT_00049,CUST_0131,APP_00017,Camp3,provider_referral,Google,2024-03-01,12.24
MT_00050,CUST_0132,APP_00052,Camp3,paid_social,Google,2024-09-27,1.62
MT_00051,CUST_0101,APP_00134,Camp3,paid_social,Meta,2024-04-03,14.89
MT_00052,CUST_0101,APP_00211,Camp2,paid_social,Google,2024-11-02,2.82
MT_00053,CUST_0128,APP_00325,Camp1,affiliate,Meta,2024-01-27,12.14
MT_00054,CUST_0062,APP_00480,Camp2,paid_search,ProviderNetwork,2024-08-01,6.53
MT_00055,CUST_0094,APP_00458,Camp1,affiliate,Meta,2024-03-14,7.89
MT_00056,CUST_0151,APP_00393,Camp1,provider_referral,ProviderNetwork,2024-03-01,13.33
MT_00057,CUST_0054,APP_00219,Camp1,paid_search,Google,2024-07-04,6.78
MT_00058,CUST_0052,APP_00205,Camp2,paid_social,ProviderNetwork,2024-01-31,8.52
MT_00059,CUST_0101,APP_00211,Camp1,paid_search,ProviderNetwork,2024-08-06,1.69
MT_00060,CUST_0112,APP_00277,Camp2,paid_social,Google,2024-01-12,1.03
MT_00061,CUST_0130,APP_00024,Camp3,affiliate,ProviderNetwork,2024-10-28,4.43
MT_00062,CUST_0058,APP_00486,Camp1,affiliate,Google,2024-02-01,10.53
MT_00063,CUST_0015,APP_00004,Camp1,paid_social,Meta,2024-06-08,2.7
MT_00064,CUST_0132,APP_00152,Camp3,paid_social,Google,2024-08-24,2.59
MT_00065,CUST_0070,APP_00443,Camp3,provider_referral,Google,2024-08-14,6.75
MT_00066,CUST_0137,APP_00483,Camp1,affiliate,ProviderNetwork,2024-06-29,10.07
MT_00067,CUST_0052,APP_00259,Camp3,affiliate,Meta,2024-11-12,10.97
MT_00068,CUST_0148,APP_00324,Camp2,provider_referral,Google,2024-02-15,3.5
MT_00069,CUST_0192,APP_00357,Camp2,affiliate,Meta,2024-12-06,2.11
MT_00070,CUST_0185,APP_00168,Camp1,paid_social,Meta,2024-03-20,14.17
MT_00071,CUST_0190,APP_00176,Camp2,paid_search,ProviderNetwork,2024-05-14,4.65
MT_00072,CUST_0128,APP_00310,Camp2,paid_search,Google,2024-09-16,12.95
MT_00073,CUST_0131,APP_00291,Camp1,affiliate,ProviderNetwork,2024-11-03,13.09
MT_00074,CUST_0117,APP_00479,Camp3,provider_referral,Google,2024-09-03,11.82
MT_00075,CUST_0009,APP_00056,Camp1,paid_social,Meta,2024-06-07,3.36
MT_00076,CUST_0136,APP_00108,Camp2,paid_search,Google,2024-07-21,12.51
MT_00077,CUST_0063,APP_00473,Camp1,paid_social,Google,2024-04-21,11.77
MT_00078,CUST_0161,APP_00296,Camp1,affiliate,Meta,2024-10-18,9.35
MT_00079,CUST_0055,APP_00461,Camp2,affiliate,Meta,2024-11-05,5.72
MT_00080,CUST_0148,APP_00324,Camp2,paid_search,Google,2024-04-28,4.68
MT_00081,CUST_0166,APP_00302,Camp1,affiliate,ProviderNetwork,2024-01-17,2.71
MT_00082,CUST_0115,APP_00334,Camp2,provider_referral,Google,2024-11-26,8.14
MT_00083,CUST_0027,APP_00141,Camp2,affiliate,Meta,2024-08-14,9.19
MT_00084,CUST_0171,APP_00155,Camp2,affiliate,ProviderNetwork,2024-12-26,6.03
MT_00085,CUST_0128,APP_00262,Camp2,affiliate,Meta,2024-04-26,7.66
MT_00086,CUST_0099,APP_00273,Camp2,paid_social,Meta,2024-02-12,6.09
MT_00087,CUST_0144,APP_00420,Camp2,paid_social,ProviderNetwork,2024-04-24,9.97
MT_00088,CUST_0184,APP_00232,Camp3,paid_search,Meta,2024-10-09,13.62
MT_00089,CUST_0139,APP_00241,Camp1,paid_search,Meta,2024-02-06,3.29
MT_00090,CUST_0004,APP_00355,Camp2,paid_search,Meta,2024-10-28,6.34
MT_00091,CUST_0158,APP_00337,Camp1,affiliate,Meta,2024-04-22,2.97
MT_00092,CUST_0034,APP_00489,Camp3,paid_social,Meta,2024-02-04,9.75
MT_00093,CUST_0199,APP_00258,Camp2,provider_referral,Meta,2024-05-11,11.2
MT_00094,CUST_0148,APP_00249,Camp1,affiliate,Meta,2024-12-01,14.05
MT_00095,CUST_0106,APP_00077,Camp2,affiliate,Meta,2024-12-01,4.9
MT_00096,CUST_0190,APP_00180,Camp2,affiliate,Meta,2024-08-15,14.3
MT_00097,CUST_0008,APP_00066,Camp2,provider_referral,Google,2024-05-26,1.89
MT_00098,CUST_0093,APP_00308,Camp2,paid_search,Google,2024-05-01,9.44
MT_00099,CUST_0028,APP_00348,Camp2,provider_referral,Meta,2024-03-21,1.8
MT_00100,CUST_0028,APP_00171,Camp2,paid_search,Google,2024-06-21,13.51
MT_00101,CUST_0019,APP_00474,Camp2,provider_referral,ProviderNetwork,2024-06-02,8.42
MT_00102,CUST_0158,APP_00022,Camp3,paid_social,Google,2024-05-29,10.37
MT_00103,CUST_0037,APP_00367,Camp3,affiliate,Meta,2024-02-27,12.64
MT_00104,CUST_0129,APP_00107,Camp2,affiliate,Meta,2024-03-03,3.1
MT_00105,CUST_0086,APP_00439,Camp2,affiliate,Google,2024-06-04,1.54
MT_00106,CUST_0048,APP_00323,Camp3,paid_search,Meta,2024-12-21,13.3
MT_00107,CUST_0160,APP_00227,Camp3,provider_referral,ProviderNetwork,2024-11-17,5.41
MT_00108,CUST_0015,APP_00444,Camp3,paid_social,ProviderNetwork,2024-06-16,2.81
MT_00109,CUST_0170,APP_00442,Camp2,provider_referral,Meta,2024-06-14,7.56
MT_00110,CUST_0155,APP_00396,Camp1,affiliate,ProviderNetwork,2024-03-25,9.38
MT_00111,CUST_0113,APP_00216,Camp1,paid_social,ProviderNetwork,2024-05-16,1.43
MT_00112,CUST_0081,APP_00069,Camp1,paid_social,Google,2024-07-07,4.85
MT_00113,CUST_0190,APP_00084,Camp1,affiliate,ProviderNetwork,2024-01-02,1.46
MT_00114,CUST_0089,APP_00103,Camp2,provider_referral,Google,2024-04-15,6.88
MT_00115,CUST_0175,APP_00039,Camp1,affiliate,Meta,2024-12-29,13.53
MT_00116,CUST_0117,APP_00013,Camp3,provider_referral,Google,2024-03-12,14.76
MT_00117,CUST_0152,APP_00297,Camp3,paid_social,Meta,2024-05-05,9.92
MT_00118,CUST_0194,APP_00313,Camp1,paid_social,Meta,2024-06-18,3.26
MT_00119,CUST_0129,APP_00181,Camp3,affiliate,Meta,2024-07-23,13.68
MT_00120,CUST_0048,APP_00493,Camp2,paid_social,Meta,2024-11-08,8.23
MT_00121,CUST_0185,APP_00268,Camp1,paid_search,Meta,2024-12-02,3.15
MT_00122,CUST_0117,APP_00013,Camp1,paid_social,Google,2024-07-13,13.9
MT_00123,CUST_0135,APP_00120,Camp2,paid_search,Meta,2024-06-06,11.6
MT_00124,CUST_0094,APP_00458,Camp3,paid_social,ProviderNetwork,2024-05-20,11.24
MT_00125,CUST_0048,APP_00353,Camp2,affiliate,ProviderNetwork,2024-10-01,10.93
MT_00126,CUST_0090,APP_00057,Camp2,affiliate,Meta,2024-01-07,3.8
MT_00127,CUST_0190,APP_00040,Camp3,paid_search,ProviderNetwork,2024-02-23,3.95
MT_00128,CUST_0188,APP_00374,Camp2,affiliate,Google,2024-04-13,10.64
MT_00129,CUST_0022,APP_00336,Camp3,paid_social,Google,2024-12-07,4.08
MT_00130,CUST_0037,APP_00128,Camp3,paid_social,Meta,2024-12-03,7.14
MT_00131,CUST_0044,APP_00173,Camp2,affiliate,Meta,2024-03-01,11.95
MT_00132,CUST_0188,APP_00035,Camp3,paid_social,Meta,2024-03-27,11.98
MT_00133,CUST_0052,APP_00259,Camp2,provider_referral,ProviderNetwork,2024-09-14,7.35
MT_00134,CUST_0191,APP_00376,Camp3,provider_referral,ProviderNetwork,2024-06-26,12.09
MT_00135,CUST_0107,APP_00005,Camp1,paid_social,Google,2024-08-29,12.74
MT_00136,CUST_0130,APP_00218,Camp3,affiliate,ProviderNetwork,2024-07-21,10.17
MT_00137,CUST_0075,APP_00011,Camp3,paid_search,Google,2024-01-31,4.2
MT_00138,CUST_0025,APP_00382,Camp2,affiliate,ProviderNetwork,2024-10-15,4.84
MT_00139,CUST_0135,APP_00327,Camp3,paid_search,Google,2024-03-20,5.41
MT_00140,CUST_0005,APP_00117,Camp1,affiliate,Meta,2024-01-11,2.64
MT_00141,CUST_0190,APP_00184,Camp1,paid_social,ProviderNetwork,2024-09-10,4.82
MT_00142,CUST_0194,APP_00394,Camp3,provider_referral,Google,2024-10-13,3.93
MT_00143,CUST_0046,APP_00362,Camp3,affiliate,ProviderNetwork,2024-06-24,7.37
MT_00144,CUST_0123,APP_00116,Camp1,paid_search,Meta,2024-05-05,13.72
MT_00145,CUST_0086,APP_00162,Camp2,provider_referral,Google,2024-02-16,2.46
MT_00146,CUST_0175,APP_00067,Camp1,paid_search,ProviderNetwork,2024-07-24,11.08
MT_00147,CUST_0096,APP_00200,Camp1,paid_social,ProviderNetwork,2024-04-16,10.62
MT_00148,CUST_0089,APP_00031,Camp3,provider_referral,Meta,2024-10-01,2.34
MT_00149,CUST_0134,APP_00075,Camp3,paid_search,Meta,2024-12-02,13.92
MT_00150,CUST_0069,APP_00237,Camp1,affiliate,Google,2024-05-02,8.96
MT_00151,CUST_0135,APP_00327,Camp2,paid_social,ProviderNetwork,2024-05-13,6.09
MT_00152,CUST_0048,APP_00493,Camp1,paid_social,ProviderNetwork,2024-04-16,11.59
MT_00153,CUST_0008,APP_00066,Camp1,paid_social,Meta,2024-10-31,4.6
MT_00154,CUST_0164,APP_00070,Camp2,affiliate,Meta,2024-11-24,10.71
MT_00155,CUST_0152,APP_00297,Camp1,affiliate,Google,2024-02-19,1.56
MT_00156,CUST_0101,APP_00447,Camp1,provider_referral,ProviderNetwork,2024-12-02,12.75
MT_00157,CUST_0173,APP_00416,Camp3,affiliate,ProviderNetwork,2024-04-04,7.27
MT_00158,CUST_0002,APP_00020,Camp2,provider_referral,Google,2024-09-24,9.91
MT_00159,CUST_0180,APP_00441,Camp3,paid_social,Google,2024-01-23,4.1
MT_00160,CUST_0172,APP_00226,Camp3,provider_referral,Meta,2024-02-23,10.48
MT_00161,CUST_0190,APP_00434,Camp2,paid_search,Meta,2024-09-10,11.81
MT_00162,CUST_0144,APP_00464,Camp2,paid_social,Google,2024-08-22,7.62
MT_00163,CUST_0153,APP_00409,Camp1,paid_social,Google,2024-02-28,9.65
MT_00164,CUST_0155,APP_00396,Camp3,provider_referral,ProviderNetwork,2024-06-12,7.39
MT_00165,CUST_0160,APP_00199,Camp2,paid_social,Google,2024-09-15,13.52
MT_00166,CUST_0175,APP_00039,Camp3,affiliate,Google,2024-11-09,7.97
MT_00167,CUST_0042,APP_00145,Camp3,paid_search,ProviderNetwork,2024-08-03,12.79
MT_00168,CUST_0131,APP_00045,Camp2,provider_referral,Google,2024-07-01,12.22
MT_00169,CUST_0127,APP_00395,Camp1,provider_referral,Meta,2024-02-26,6.75
MT_00170,CUST_0136,APP_00326,Camp3,paid_social,Meta,2024-05-24,4.22
MT_00171,CUST_0018,APP_00381,Camp2,affiliate,ProviderNetwork,2024-03-30,6.69
MT_00172,CUST_0099,APP_00407,Camp1,paid_social,Google,2024-11-06,12.57
MT_00173,CUST_0082,APP_00091,Camp3,paid_social,Meta,2024-02-14,4.19
MT_00174,CUST_0116,APP_00238,Camp2,provider_referral,Meta,2024-09-13,8.34
MT_00175,CUST_0164,APP_00070,Camp3,paid_social,Meta,2024-01-21,12.29
MT_00176,CUST_0045,APP_00166,Camp2,paid_search,Meta,2024-01-21,5.95
MT_00177,CUST_0172,APP_00130,Camp2,paid_social,Google,2024-02-21,9.99
MT_00178,CUST_0081,APP_00214,Camp3,paid_social,Google,2024-12-03,4.44
MT_00179,CUST_0051,APP_00340,Camp3,provider_referral,Google,2024-06-19,2.53
MT_00180,CUST_0190,APP_00089,Camp2,paid_social,Google,2024-03-07,12.12
MT_00181,CUST_0119,APP_00335,Camp1,affiliate,Meta,2024-04-22,2.39
MT_00182,CUST_0147,APP_00252,Camp3,provider_referral,ProviderNetwork,2024-10-26,4.8
MT_00183,CUST_0093,APP_00369,Camp2,paid_social,ProviderNetwork,2024-06-08,12.97
MT_00184,CUST_0111,APP_00349,Camp2,paid_search,Meta,2024-09-22,5.85
MT_00185,CUST_0104,APP_00072,Camp1,paid_search,Meta,2024-11-15,14.62
MT_00186,CUST_0170,APP_00165,Camp1,provider_referral,ProviderNetwork,2024-08-19,14.72
MT_00187,CUST_0073,APP_00049,Camp1,provider_referral,ProviderNetwork,2024-11-20,4.76
MT_00188,CUST_0132,APP_00052,Camp3,paid_social,Meta,2024-03-08,1.57
MT_00189,CUST_0147,APP_00289,Camp2,affiliate,Meta,2024-01-28,10.87
MT_00190,CUST_0060,APP_00278,Camp2,paid_social,Google,2024-04-25,7.31
MT_00191,CUST_0163,APP_00114,Camp2,paid_search,Google,2024-02-20,2.41
MT_00192,CUST_0098,APP_00239,Camp1,affiliate,ProviderNetwork,2024-06-29,10.91
MT_00193,CUST_0193,APP_00133,Camp2,affiliate,Meta,2024-09-16,1.44
MT_00194,CUST_0122,APP_00487,Camp3,affiliate,ProviderNetwork,2024-03-19,13.18
MT_00195,CUST_0007,APP_00274,Camp1,paid_social,Google,2024-09-29,2.94
MT_00196,CUST_0045,APP_00166,Camp1,paid_search,Google,2024-04-17,2.78
MT_00197,CUST_0188,APP_00374,Camp1,provider_referral,ProviderNetwork,2024-03-14,3.46
MT_00198,CUST_0099,APP_00373,Camp1,paid_social,Google,2024-06-23,14.44
MT_00199,CUST_0152,APP_00293,Camp3,provider_referral,Meta,2024-07-02,10.7
MT_00200,CUST_0090,APP_00478,Camp2,affiliate,ProviderNetwork,2024-01-23,12.22
MT_00201,CUST_0097,APP_00243,Camp3,affiliate,Meta,2024-09-30,6.57
MT_00202,CUST_0117,APP_00479,Camp2,paid_social,Meta,2024-05-08,5.71
MT_00203,CUST_0033,APP_00320,Camp3,paid_search,Google,2024-10-17,4.28
MT_00204,CUST_0005,APP_00138,Camp1,affiliate,Meta,2024-11-15,7.73
MT_00205,CUST_0054,APP_00079,Camp1,provider_referral,ProviderNetwork,2024-07-04,8.73
MT_00206,CUST_0028,APP_00170,Camp3,provider_referral,Meta,2024-02-28,9.84
MT_00207,CUST_0162,APP_00123,Camp3,paid_social,Meta,2024-01-01,4.6
MT_00208,CUST_0190,APP_00176,Camp2,provider_referral,Meta,2024-05-10,14.28
MT_00209,CUST_0113,APP_00300,Camp3,paid_search,Meta,2024-03-07,3.38
MT_00210,CUST_0044,APP_00082,Camp3,affiliate,Meta,2024-10-19,14.52
MT_00211,CUST_0048,APP_00087,Camp2,provider_referral,Google,2024-10-11,1.21
MT_00212,CUST_0053,APP_00225,Camp2,provider_referral,ProviderNetwork,2024-03-29,7.74
MT_00213,CUST_0152,APP_00016,Camp2,affiliate,Google,2024-04-09,5.67
MT_00214,CUST_0128,APP_00310,Camp3,paid_social,ProviderNetwork,2024-07-07,7.29
MT_00215,CUST_0049,APP_00358,Camp2,provider_referral,ProviderNetwork,2024-12-11,8.99
MT_00216,CUST_0028,APP_00163,Camp1,paid_social,ProviderNetwork,2024-08-28,7.1
MT_00217,CUST_0041,APP_00098,Camp1,paid_social,ProviderNetwork,2024-09-26,6.81
MT_00218,CUST_0029,APP_00156,Camp1,provider_referral,ProviderNetwork,2024-08-06,11.26
MT_00219,CUST_0180,APP_00002,Camp3,paid_search,Meta,2024-06-24,10.6
MT_00220,CUST_0192,APP_00350,Camp1,paid_social,Google,2024-12-06,12.67
MT_00221,CUST_0130,APP_00397,Camp3,provider_referral,Google,2024-08-20,4.5
MT_00222,CUST_0134,APP_00169,Camp3,paid_social,Meta,2024-05-30,9.53
MT_00223,CUST_0144,APP_00464,Camp1,affiliate,ProviderNetwork,2024-10-03,9.19
MT_00224,CUST_0163,APP_00315,Camp2,paid_search,Google,2024-08-16,6.18
MT_00225,CUST_0128,APP_00325,Camp3,paid_search,Meta,2024-06-19,7.8
MT_00226,CUST_0116,APP_00375,Camp1,affiliate,Meta,2024-08-10,5.39
MT_00227,CUST_0111,APP_00092,Camp3,affiliate,Google,2024-07-31,2.99
MT_00228,CUST_0129,APP_00181,Camp2,paid_social,Google,2024-10-08,3.99
MT_00229,CUST_0183,APP_00231,Camp2,affiliate,ProviderNetwork,2024-02-10,2.48
MT_00230,CUST_0164,APP_00301,Camp1,paid_search,ProviderNetwork,2024-05-01,10.56
MT_00231,CUST_0063,APP_00148,Camp3,affiliate,Google,2024-08-14,10.25
MT_00232,CUST_0002,APP_00280,Camp3,provider_referral,ProviderNetwork,2024-10-20,14.31
MT_00233,CUST_0198,APP_00189,Camp3,provider_referral,Meta,2024-03-28,11.22
MT_00234,CUST_0097,APP_00347,Camp3,paid_social,ProviderNetwork,2024-09-23,1.73
MT_00235,CUST_0192,APP_00350,Camp1,paid_search,ProviderNetwork,2024-01-29,13.38
MT_00236,CUST_0054,APP_00314,Camp2,provider_referral,Meta,2024-09-03,13.08
MT_00237,CUST_0048,APP_00493,Camp1,affiliate,ProviderNetwork,2024-11-11,7.21
MT_00238,CUST_0013,APP_00411,Camp3,provider_referral,Meta,2024-08-31,9.2
MT_00239,CUST_0152,APP_00410,Camp3,provider_referral,ProviderNetwork,2024-03-01,14.67
MT_00240,CUST_0037,APP_00128,Camp2,paid_social,Google,2024-05-26,8.45
MT_00241,CUST_0189,APP_00007,Camp3,affiliate,ProviderNetwork,2024-06-22,13.67
MT_00242,CUST_0066,APP_00426,Camp1,affiliate,Google,2024-10-04,2.16
MT_00243,CUST_0135,APP_00047,Camp1,affiliate,Google,2024-11-29,3.67
MT_00244,CUST_0089,APP_00053,Camp2,paid_social,Google,2024-05-21,7.17
MT_00245,CUST_0003,APP_00187,Camp1,affiliate,Google,2024-02-13,9.19
MT_00246,CUST_0190,APP_00038,Camp1,affiliate,Google,2024-05-23,12.43
MT_00247,CUST_0103,APP_00453,Camp1,provider_referral,Meta,2024-12-18,14.84
MT_00248,CUST_0145,APP_00471,Camp1,provider_referral,Meta,2024-11-28,6.44
MT_00249,CUST_0058,APP_00476,Camp3,affiliate,Meta,2024-02-24,1.66
MT_00250,CUST_0172,APP_00226,Camp1,paid_search,Google,2024-11-02,12.22
MT_00251,CUST_0089,APP_00053,Camp2,paid_search,ProviderNetwork,2024-12-23,9.46
MT_00252,CUST_0104,APP_00399,Camp2,affiliate,Meta,2024-06-09,3.78
MT_00253,CUST_0130,APP_00224,Camp1,paid_search,ProviderNetwork,2024-10-11,7.93
MT_00254,CUST_0143,APP_00154,Camp2,paid_social,ProviderNetwork,2024-11-20,11.39
MT_00255,CUST_0021,APP_00048,Camp1,provider_referral,Google,2024-07-16,11.79
MT_00256,CUST_0197,APP_00351,Camp2,paid_social,Google,2024-06-07,7.99
MT_00257,CUST_0179,APP_00147,Camp2,provider_referral,Google,2024-03-20,5.27
MT_00258,CUST_0151,APP_00393,Camp1,paid_search,Meta,2024-01-31,14.63
MT_00259,CUST_0199,APP_00064,Camp1,paid_search,Google,2024-04-21,10.29
MT_00260,CUST_0111,APP_00349,Camp3,affiliate,Meta,2024-02-15,6.72
MT_00261,CUST_0121,APP_00182,Camp1,paid_search,Meta,2024-12-18,4.93
MT_00262,CUST_0048,APP_00125,Camp1,paid_search,Meta,2024-07-23,11.24
MT_00263,CUST_0092,APP_00179,Camp3,affiliate,Meta,2024-02-21,4.39
MT_00264,CUST_0175,APP_00039,Camp1,affiliate,Google,2024-05-17,3.4
MT_00265,CUST_0161,APP_00260,Camp1,provider_referral,Meta,2024-03-14,8.42
MT_00266,CUST_0025,APP_00382,Camp3,paid_search,Google,2024-02-10,5.06
MT_00267,CUST_0093,APP_00003,Camp1,provider_referral,Google,2024-03-17,9.8
MT_00268,CUST_0199,APP_00064,Camp1,provider_referral,Meta,2024-07-05,2.65
MT_00269,CUST_0058,APP_00029,Camp3,paid_social,Google,2024-02-21,10.17
MT_00270,CUST_0095,APP_00372,Camp3,paid_search,ProviderNetwork,2024-03-27,4.97
MT_00271,CUST_0075,APP_00011,Camp2,paid_search,Google,2024-04-18,1.0
MT_00272,CUST_0124,APP_00097,Camp1,paid_social,Google,2024-08-12,2.78
MT_00273,CUST_0049,APP_00358,Camp2,provider_referral,Meta,2024-09-04,14.07
MT_00274,CUST_0170,APP_00442,Camp2,paid_search,Meta,2024-03-09,13.14
MT_00275,CUST_0062,APP_00203,Camp3,provider_referral,Google,2024-04-29,4.27
MT_00276,CUST_0013,APP_00411,Camp1,paid_social,Meta,2024-03-07,11.9
MT_00277,CUST_0023,APP_00481,Camp1,affiliate,ProviderNetwork,2024-03-01,9.52
MT_00278,CUST_0088,APP_00021,Camp3,provider_referral,ProviderNetwork,2024-11-22,14.59
MT_00279,CUST_0175,APP_00039,Camp2,paid_search,Meta,2024-07-09,6.23
MT_00280,CUST_0126,APP_00223,Camp3,affiliate,Google,2024-07-07,10.54
MT_00281,CUST_0065,APP_00102,Camp1,provider_referral,ProviderNetwork,2024-05-30,1.89
MT_00282,CUST_0051,APP_00046,Camp3,provider_referral,ProviderNetwork,2024-10-12,6.55
MT_00283,CUST_0008,APP_00066,Camp1,affiliate,Google,2024-04-05,14.49
MT_00284,CUST_0082,APP_00091,Camp2,affiliate,Meta,2024-11-07,8.55
MT_00285,CUST_0066,APP_00164,Camp1,affiliate,ProviderNetwork,2024-11-04,5.03
MT_00286,CUST_0047,APP_00459,Camp2,paid_search,Google,2024-09-19,2.68
MT_00287,CUST_0081,APP_00111,Camp2,paid_search,Google,2024-04-06,10.85
MT_00288,CUST_0038,APP_00338,Camp1,provider_referral,ProviderNetwork,2024-04-22,10.03
MT_00289,CUST_0162,APP_00123,Camp1,provider_referral,Meta,2024-05-04,6.24
MT_00290,CUST_0165,APP_00193,Camp2,paid_social,ProviderNetwork,2024-05-11,14.31
MT_00291,CUST_0101,APP_00447,Camp3,paid_search,Google,2024-04-30,1.31
MT_00292,CUST_0157,APP_00099,Camp1,provider_referral,ProviderNetwork,2024-07-15,5.25
MT_00293,CUST_0131,APP_00291,Camp2,affiliate,Meta,2024-10-20,13.89
MT_00294,CUST_0160,APP_00159,Camp2,affiliate,Google,2024-05-01,5.49
MT_00295,CUST_0060,APP_00412,Camp3,paid_search,Meta,2024-10-08,4.53
MT_00296,CUST_0089,APP_00103,Camp1,affiliate,ProviderNetwork,2024-09-16,8.48
MT_00297,CUST_0067,APP_00385,Camp2,paid_social,ProviderNetwork,2024-02-08,12.53
MT_00298,CUST_0129,APP_00281,Camp3,provider_referral,Meta,2024-02-23,2.44
MT_00299,CUST_0055,APP_00043,Camp2,provider_referral,ProviderNetwork,2024-06-09,14.2
MT_00300,CUST_0058,APP_00486,Camp1,provider_referral,Meta,2024-10-15,12.13
MT_00301,CUST_0190,APP_00084,Camp3,paid_search,ProviderNetwork,2024-07-18,3.54
MT_00302,CUST_0108,APP_00451,Camp2,affiliate,Meta,2024-10-02,10.97
MT_00303,CUST_0137,APP_00191,Camp3,paid_social,Meta,2024-01-16,6.39
MT_00304,CUST_0018,APP_00051,Camp1,paid_search,Google,2024-06-21,6.63
MT_00305,CUST_0104,APP_00386,Camp3,provider_referral,Google,2024-09-04,11.97
MT_00306,CUST_0113,APP_00210,Camp1,paid_social,Meta,2024-08-05,14.48
MT_00307,CUST_0151,APP_00126,Camp2,provider_referral,ProviderNetwork,2024-03-27,2.77
MT_00308,CUST_0118,APP_00492,Camp1,provider_referral,ProviderNetwork,2024-03-22,6.89
MT_00309,CUST_0008,APP_00448,Camp2,paid_search,ProviderNetwork,2024-03-02,7.73
MT_00310,CUST_0094,APP_00458,Camp2,provider_referral,Meta,2024-10-13,6.27
MT_00311,CUST_0081,APP_00069,Camp1,paid_social,Meta,2024-02-11,6.08
MT_00312,CUST_0104,APP_00265,Camp2,provider_referral,Meta,2024-01-12,1.73
MT_00313,CUST_0199,APP_00258,Camp3,affiliate,Meta,2024-11-16,10.6
MT_00314,CUST_0065,APP_00418,Camp2,provider_referral,Google,2024-08-21,7.11
MT_00315,CUST_0103,APP_00188,Camp1,paid_search,Meta,2024-11-24,3.73
MT_00316,CUST_0068,APP_00230,Camp3,paid_social,ProviderNetwork,2024-05-10,12.42
MT_00317,CUST_0198,APP_00189,Camp3,paid_search,Google,2024-04-24,12.24
MT_00318,CUST_0036,APP_00415,Camp2,affiliate,ProviderNetwork,2024-08-05,7.81
MT_00319,CUST_0122,APP_00010,Camp2,provider_referral,Meta,2024-05-16,5.18
MT_00320,CUST_0163,APP_00114,Camp1,paid_search,Google,2024-04-15,9.93
MT_00321,CUST_0054,APP_00076,Camp3,paid_search,Meta,2024-06-27,5.03
MT_00322,CUST_0066,APP_00164,Camp1,paid_search,Google,2024-01-16,4.3
MT_00323,CUST_0014,APP_00085,Camp2,paid_search,ProviderNetwork,2024-08-29,11.23
MT_00324,CUST_0073,APP_00049,Camp3,affiliate,Meta,2024-11-29,1.56
MT_00325,CUST_0117,APP_00495,Camp1,affiliate,Meta,2024-08-13,2.33
MT_00326,CUST_0136,APP_00326,Camp1,provider_referral,Google,2024-08-29,1.1
MT_00327,CUST_0129,APP_00496,Camp1,provider_referral,Google,2024-05-20,3.14
MT_00328,CUST_0075,APP_00177,Camp1,paid_social,Meta,2024-07-17,1.97
MT_00329,CUST_0174,APP_00387,Camp1,affiliate,Google,2024-04-21,14.94
MT_00330,CUST_0094,APP_00458,Camp3,paid_search,Meta,2024-05-06,5.04
MT_00331,CUST_0114,APP_00389,Camp1,paid_search,Google,2024-01-21,3.09
MT_00332,CUST_0089,APP_00494,Camp3,paid_social,ProviderNetwork,2024-05-26,4.37
MT_00333,CUST_0130,APP_00218,Camp1,paid_search,Google,2024-03-29,14.11
MT_00334,CUST_0198,APP_00189,Camp2,paid_social,ProviderNetwork,2024-10-29,8.28
MT_00335,CUST_0158,APP_00469,Camp2,provider_referral,Google,2024-07-21,6.11
MT_00336,CUST_0048,APP_00493,Camp1,affiliate,Google,2024-03-25,13.23
MT_00337,CUST_0030,APP_00346,Camp2,paid_social,Meta,2024-06-15,6.53
MT_00338,CUST_0068,APP_00230,Camp3,paid_search,Google,2024-03-12,5.69
MT_00339,CUST_0147,APP_00255,Camp1,paid_social,Google,2024-10-24,3.9
MT_00340,CUST_0024,APP_00236,Camp3,provider_referral,ProviderNetwork,2024-01-09,6.29
MT_00341,CUST_0188,APP_00026,Camp1,paid_search,Google,2024-10-07,5.43
MT_00342,CUST_0104,APP_00072,Camp2,provider_referral,Meta,2024-09-14,10.48
MT_00343,CUST_0168,APP_00261,Camp3,provider_referral,ProviderNetwork,2024-10-01,5.05
MT_00344,CUST_0195,APP_00254,Camp2,paid_social,Meta,2024-08-25,9.08
MT_00345,CUST_0159,APP_00271,Camp2,provider_referral,Meta,2024-01-20,1.92
MT_00346,CUST_0162,APP_00123,Camp1,paid_search,Meta,2024-08-20,3.68
MT_00347,CUST_0090,APP_00144,Camp3,provider_referral,Meta,2024-08-08,6.7
MT_00348,CUST_0096,APP_00257,Camp2,provider_referral,ProviderNetwork,2024-11-21,14.12
MT_00349,CUST_0090,APP_00144,Camp1,paid_social,Google,2024-01-17,6.28
MT_00350,CUST_0142,APP_00421,Camp1,provider_referral,Meta,2024-03-29,10.3
MT_00351,CUST_0052,APP_00259,Camp1,affiliate,ProviderNetwork,2024-07-14,4.57
MT_00352,CUST_0150,APP_00436,Camp2,paid_social,Meta,2024-12-15,2.78
MT_00353,CUST_0135,APP_00047,Camp1,paid_social,Google,2024-03-24,1.82
MT_00354,CUST_0197,APP_00351,Camp3,paid_search,ProviderNetwork,2024-03-27,5.28
MT_00355,CUST_0117,APP_00013,Camp3,paid_search,ProviderNetwork,2024-11-02,3.21
MT_00356,CUST_0191,APP_00376,Camp2,paid_search,Google,2024-12-03,3.44
MT_00357,CUST_0130,APP_00208,Camp3,paid_search,ProviderNetwork,2024-06-02,11.65
MT_00358,CUST_0110,APP_00311,Camp1,affiliate,Google,2024-08-15,1.22
MT_00359,CUST_0038,APP_00235,Camp2,paid_social,ProviderNetwork,2024-09-20,8.81
MT_00360,CUST_0096,APP_00149,Camp1,provider_referral,ProviderNetwork,2024-08-10,6.31
MT_00361,CUST_0021,APP_00322,Camp2,paid_search,Google,2024-04-30,8.09
MT_00362,CUST_0058,APP_00438,Camp2,paid_search,Google,2024-06-21,8.88
MT_00363,CUST_0171,APP_00155,Camp1,paid_search,ProviderNetwork,2024-01-04,5.39
MT_00364,CUST_0045,APP_00166,Camp3,provider_referral,ProviderNetwork,2024-12-07,5.13
MT_00365,CUST_0040,APP_00090,Camp3,paid_search,Google,2024-05-07,11.27
MT_00366,CUST_0116,APP_00186,Camp2,provider_referral,Google,2024-04-19,13.2
MT_00367,CUST_0161,APP_00318,Camp1,paid_social,ProviderNetwork,2024-12-20,3.7
MT_00368,CUST_0049,APP_00358,Camp1,paid_social,ProviderNetwork,2024-02-06,2.37
MT_00369,CUST_0084,APP_00174,Camp2,paid_social,ProviderNetwork,2024-03-11,13.57
MT_00370,CUST_0002,APP_00217,Camp3,affiliate,Google,2024-10-15,5.9
MT_00371,CUST_0127,APP_00395,Camp1,provider_referral,ProviderNetwork,2024-01-31,8.72
MT_00372,CUST_0109,APP_00456,Camp3,paid_search,Meta,2024-09-24,6.03
MT_00373,CUST_0082,APP_00264,Camp3,paid_search,Google,2024-01-11,2.76
MT_00374,CUST_0124,APP_00097,Camp2,paid_search,ProviderNetwork,2024-12-09,9.25
MT_00375,CUST_0005,APP_00117,Camp2,paid_search,Google,2024-11-23,8.35
MT_00376,CUST_0160,APP_00199,Camp3,affiliate,Meta,2024-02-01,3.84
MT_00377,CUST_0033,APP_00320,Camp1,paid_search,Google,2024-02-26,7.33
MT_00378,CUST_0058,APP_00486,Camp1,affiliate,ProviderNetwork,2024-06-14,12.16
MT_00379,CUST_0088,APP_00021,Camp2,provider_referral,Meta,2024-07-06,9.27
MT_00380,CUST_0096,APP_00200,Camp3,paid_social,Meta,2024-12-07,2.36
MT_00381,CUST_0181,APP_00371,Camp1,paid_search,ProviderNetwork,2024-01-19,8.67
MT_00382,CUST_0101,APP_00447,Camp1,paid_social,ProviderNetwork,2024-04-25,10.84
MT_00383,CUST_0182,APP_00341,Camp2,provider_referral,ProviderNetwork,2024-07-02,12.1
MT_00384,CUST_0008,APP_00448,Camp3,provider_referral,Google,2024-09-26,9.81
MT_00385,CUST_0003,APP_00248,Camp1,paid_search,Google,2024-02-02,3.14
MT_00386,CUST_0090,APP_00276,Camp2,provider_referral,Google,2024-01-10,10.94
MT_00387,CUST_0082,APP_00264,Camp1,paid_social,ProviderNetwork,2024-03-20,10.48
MT_00388,CUST_0053,APP_00058,Camp1,paid_search,ProviderNetwork,2024-07-10,1.34
MT_00389,CUST_0166,APP_00302,Camp1,affiliate,Google,2024-11-15,6.76
MT_00390,CUST_0089,APP_00031,Camp2,paid_search,Meta,2024-07-08,5.66
MT_00391,CUST_0189,APP_00498,Camp3,paid_social,Google,2024-03-08,10.37
MT_00392,CUST_0148,APP_00249,Camp2,paid_search,Meta,2024-12-13,4.03
MT_00393,CUST_0053,APP_00093,Camp3,paid_search,ProviderNetwork,2024-05-04,9.27
MT_00394,CUST_0129,APP_00496,Camp1,paid_social,ProviderNetwork,2024-12-01,13.78
MT_00395,CUST_0104,APP_00265,Camp3,paid_search,Google,2024-02-28,12.17
MT_00396,CUST_0159,APP_00271,Camp1,paid_search,Google,2024-04-06,13.9
MT_00397,CUST_0024,APP_00094,Camp1,paid_social,ProviderNetwork,2024-10-01,14.7
MT_00398,CUST_0143,APP_00154,Camp2,provider_referral,Google,2024-05-28,1.15
MT_00399,CUST_0194,APP_00394,Camp1,paid_social,ProviderNetwork,2024-10-04,9.72
MT_00400,CUST_0037,APP_00285,Camp2,paid_search,ProviderNetwork,2024-09-21,6.78
MT_00401,CUST_0191,APP_00080,Camp3,affiliate,Meta,2024-01-09,13.04
MT_00402,CUST_0148,APP_00292,Camp3,affiliate,Google,2024-10-09,4.53
MT_00403,CUST_0190,APP_00084,Camp1,paid_social,ProviderNetwork,2024-09-29,14.73
MT_00404,CUST_0099,APP_00365,Camp2,affiliate,Google,2024-10-27,9.59
MT_00405,CUST_0188,APP_00374,Camp1,paid_search,Meta,2024-01-08,12.11
MT_00406,CUST_0190,APP_00037,Camp2,paid_search,Meta,2024-07-26,2.2
MT_00407,CUST_0008,APP_00342,Camp2,paid_social,Google,2024-05-04,3.57
MT_00408,CUST_0135,APP_00327,Camp2,paid_search,Google,2024-05-02,11.62
MT_00409,CUST_0099,APP_00407,Camp3,provider_referral,ProviderNetwork,2024-02-02,1.31
MT_00410,CUST_0098,APP_00425,Camp2,paid_search,Meta,2024-01-01,12.44
MT_00411,CUST_0184,APP_00232,Camp3,paid_social,Meta,2024-07-22,1.2
MT_00412,CUST_0053,APP_00093,Camp2,provider_referral,Meta,2024-01-06,10.2
MT_00413,CUST_0022,APP_00336,Camp3,provider_referral,Google,2024-10-23,6.11
MT_00414,CUST_0065,APP_00102,Camp3,affiliate,ProviderNetwork,2024-01-05,9.56
MT_00415,CUST_0060,APP_00412,Camp3,paid_search,Google,2024-03-20,10.74
MT_00416,CUST_0186,APP_00432,Camp1,paid_social,Google,2024-09-30,5.79
MT_00417,CUST_0045,APP_00166,Camp2,affiliate,Google,2024-06-25,2.51
MT_00418,CUST_0160,APP_00159,Camp1,affiliate,ProviderNetwork,2024-12-03,1.98
MT_00419,CUST_0100,APP_00014,Camp2,paid_search,Google,2024-11-16,9.25
MT_00420,CUST_0099,APP_00373,Camp2,paid_search,Meta,2024-12-04,8.29
MT_00421,CUST_0053,APP_00225,Camp1,paid_social,Meta,2024-05-15,11.39
MT_00422,CUST_0132,APP_00073,Camp3,affiliate,Meta,2024-01-25,8.14
MT_00423,CUST_0148,APP_00249,Camp2,paid_social,ProviderNetwork,2024-11-20,6.91
MT_00424,CUST_0082,APP_00091,Camp3,affiliate,Google,2024-07-01,6.57
MT_00425,CUST_0113,APP_00216,Camp1,affiliate,ProviderNetwork,2024-06-16,1.37
MT_00426,CUST_0055,APP_00461,Camp3,affiliate,Google,2024-12-03,5.7
MT_00427,CUST_0040,APP_00090,Camp2,paid_search,Meta,2024-06-26,14.66
MT_00428,CUST_0058,APP_00029,Camp2,affiliate,Google,2024-04-04,13.23
MT_00429,CUST_0125,APP_00435,Camp2,affiliate,Google,2024-02-02,5.61
MT_00430,CUST_0112,APP_00305,Camp1,affiliate,Google,2024-04-20,9.23
MT_00431,CUST_0032,APP_00427,Camp2,provider_referral,ProviderNetwork,2024-05-25,12.86
MT_00432,CUST_0058,APP_00476,Camp1,paid_search,Google,2024-08-18,7.18
MT_00433,CUST_0087,APP_00220,Camp3,provider_referral,Google,2024-09-28,1.25
MT_00434,CUST_0195,APP_00328,Camp2,paid_search,Google,2024-12-01,2.04
MT_00435,CUST_0187,APP_00215,Camp2,paid_social,ProviderNetwork,2024-02-07,8.15
MT_00436,CUST_0129,APP_00221,Camp2,provider_referral,ProviderNetwork,2024-05-14,14.57
MT_00437,CUST_0114,APP_00389,Camp3,paid_social,ProviderNetwork,2024-11-29,10.7
MT_00438,CUST_0108,APP_00042,Camp2,affiliate,Google,2024-08-22,1.99
MT_00439,CUST_0175,APP_00135,Camp1,paid_social,Meta,2024-11-14,3.65
MT_00440,CUST_0108,APP_00042,Camp3,paid_social,Meta,2024-12-10,11.8
MT_00441,CUST_0066,APP_00164,Camp3,paid_social,Meta,2024-06-08,12.78
MT_00442,CUST_0158,APP_00361,Camp3,paid_social,Google,2024-02-07,9.65
MT_00443,CUST_0140,APP_00283,Camp3,paid_search,Meta,2024-05-29,10.02
MT_00444,CUST_0053,APP_00058,Camp3,provider_referral,Meta,2024-11-03,1.4
MT_00445,CUST_0166,APP_00302,Camp1,paid_search,Meta,2024-01-29,12.6
MT_00446,CUST_0021,APP_00322,Camp3,paid_search,Google,2024-05-23,12.04
MT_00447,CUST_0192,APP_00025,Camp2,paid_search,Meta,2024-03-16,4.63
MT_00448,CUST_0132,APP_00073,Camp3,paid_social,Meta,2024-05-24,10.92
MT_00449,CUST_0099,APP_00373,Camp3,paid_search,Google,2024-08-16,4.01
MT_00450,CUST_0013,APP_00411,Camp3,provider_referral,ProviderNetwork,2024-03-04,1.56
MT_00451,CUST_0099,APP_00129,Camp3,paid_search,Meta,2024-12-12,3.82
MT_00452,CUST_0048,APP_00087,Camp3,affiliate,ProviderNetwork,2024-12-10,3.5
MT_00453,CUST_0128,APP_00330,Camp1,paid_social,Meta,2024-09-25,5.73
MT_00454,CUST_0066,APP_00426,Camp1,affiliate,Google,2024-11-23,6.86
MT_00455,CUST_0150,APP_00436,Camp3,provider_referral,ProviderNetwork,2024-07-02,8.12
MT_00456,CUST_0151,APP_00153,Camp1,provider_referral,ProviderNetwork,2024-09-17,7.67
MT_00457,CUST_0121,APP_00182,Camp2,provider_referral,ProviderNetwork,2024-09-24,4.79
MT_00458,CUST_0048,APP_00125,Camp3,provider_referral,ProviderNetwork,2024-06-17,1.41
MT_00459,CUST_0175,APP_00067,Camp2,paid_search,Meta,2024-09-15,9.47
MT_00460,CUST_0072,APP_00006,Camp2,paid_social,Meta,2024-08-14,6.54
MT_00461,CUST_0048,APP_00125,Camp3,provider_referral,ProviderNetwork,2024-02-02,5.18
MT_00462,CUST_0054,APP_00314,Camp2,affiliate,Meta,2024-08-01,13.14
MT_00463,CUST_0136,APP_00326,Camp2,provider_referral,ProviderNetwork,2024-02-19,11.45
MT_00464,CUST_0089,APP_00053,Camp2,paid_social,ProviderNetwork,2024-07-28,13.01
MT_00465,CUST_0008,APP_00066,Camp3,affiliate,Google,2024-01-29,7.93
MT_00466,CUST_0054,APP_00314,Camp3,affiliate,ProviderNetwork,2024-02-08,2.83
MT_00467,CUST_0044,APP_00082,Camp2,affiliate,Meta,2024-12-12,10.75
MT_00468,CUST_0048,APP_00087,Camp3,paid_search,ProviderNetwork,2024-04-09,3.89
MT_00469,CUST_0180,APP_00002,Camp3,provider_referral,Google,2024-06-21,7.18
MT_00470,CUST_0186,APP_00204,Camp2,paid_search,Meta,2024-01-17,1.91
MT_00471,CUST_0052,APP_00150,Camp3,affiliate,Google,2024-02-25,12.55
MT_00472,CUST_0152,APP_00293,Camp1,paid_search,Google,2024-08-13,2.76
MT_00473,CUST_0039,APP_00404,Camp3,paid_search,ProviderNetwork,2024-02-15,13.64
MT_00474,CUST_0089,APP_00103,Camp1,paid_search,Google,2024-03-07,13.1
MT_00475,CUST_0130,APP_00024,Camp2,provider_referral,Google,2024-07-15,7.5
MT_00476,CUST_0024,APP_00368,Camp3,affiliate,Meta,2024-05-21,11.42
MT_00477,CUST_0113,APP_00212,Camp2,affiliate,Google,2024-11-18,9.67
MT_00478,CUST_0172,APP_00065,Camp2,provider_referral,ProviderNetwork,2024-01-23,12.24
MT_00479,CUST_0053,APP_00449,Camp2,paid_search,ProviderNetwork,2024-04-03,7.05
MT_00480,CUST_0131,APP_00209,Camp2,paid_search,ProviderNetwork,2024-08-29,12.0
MT_00481,CUST_0164,APP_00251,Camp2,paid_social,Google,2024-08-24,7.47
MT_00482,CUST_0067,APP_00385,Camp3,paid_social,Meta,2024-02-23,14.17
MT_00483,CUST_0005,APP_00117,Camp1,paid_social,ProviderNetwork,2024-05-17,7.81
MT_00484,CUST_0123,APP_00116,Camp3,provider_referral,Google,2024-11-28,7.48
MT_00485,CUST_0069,APP_00237,Camp3,affiliate,ProviderNetwork,2024-09-28,11.99
MT_00486,CUST_0090,APP_00478,Camp3,paid_social,ProviderNetwork,2024-02-10,12.5
MT_00487,CUST_0009,APP_00105,Camp3,affiliate,Meta,2024-04-07,8.76
MT_00488,CUST_0117,APP_00495,Camp1,affiliate,ProviderNetwork,2024-07-01,3.52
MT_00489,CUST_0052,APP_00259,Camp3,affiliate,Meta,2024-05-07,7.55
MT_00490,CUST_0051,APP_00046,Camp2,provider_referral,Google,2024-08-16,14.55
MT_00491,CUST_0110,APP_00311,Camp3,provider_referral,ProviderNetwork,2024-11-12,11.54
MT_00492,CUST_0033,APP_00331,Camp3,provider_referral,Google,2024-03-26,12.36
MT_00493,CUST_0113,APP_00216,Camp1,provider_referral,Google,2024-09-12,1.46
MT_00494,CUST_0147,APP_00470,Camp1,paid_social,Google,2024-07-27,7.55
MT_00495,CUST_0008,APP_00448,Camp2,paid_search,ProviderNetwork,2024-08-02,10.05
MT_00496,CUST_0118,APP_00492,Camp3,paid_search,Meta,2024-04-09,12.62
MT_00497,CUST_0164,APP_00301,Camp3,paid_search,ProviderNetwork,2024-02-18,1.69
MT_00498,CUST_0152,APP_00410,Camp3,paid_social,Google,2024-07-19,12.93
MT_00499,CUST_0187,APP_00333,Camp2,paid_search,Meta,2024-09-14,8.68
MT_00500,CUST_0053,APP_00449,Camp1,paid_social,Google,2024-06-26,3.76
MT_00501,CUST_0130,APP_00024,Camp2,paid_social,Meta,2024-09-01,5.44
MT_00502,CUST_0094,APP_00458,Camp3,paid_social,ProviderNetwork,2024-05-02,4.95
MT_00503,CUST_0188,APP_00035,Camp1,paid_search,Meta,2024-12-07,8.43
MT_00504,CUST_0130,APP_00024,Camp1,affiliate,ProviderNetwork,2024-06-19,1.72
MT_00505,CUST_0161,APP_00028,Camp2,paid_search,Google,2024-11-28,3.22
MT_00506,CUST_0140,APP_00484,Camp1,paid_search,Meta,2024-05-15,12.38
MT_00507,CUST_0144,APP_00464,Camp1,provider_referral,Google,2024-02-28,2.86
MT_00508,CUST_0001,APP_00488,Camp3,paid_social,Meta,2024-07-11,4.27
MT_00509,CUST_0152,APP_00016,Camp3,affiliate,ProviderNetwork,2024-09-24,7.35
MT_00510,CUST_0130,APP_00059,Camp1,provider_referral,Meta,2024-09-16,8.24
MT_00511,CUST_0013,APP_00465,Camp1,affiliate,Meta,2024-04-04,11.69
MT_00512,CUST_0097,APP_00243,Camp2,affiliate,ProviderNetwork,2024-05-04,7.26
MT_00513,CUST_0058,APP_00438,Camp2,paid_social,ProviderNetwork,2024-02-10,12.06
MT_00514,CUST_0039,APP_00207,Camp1,paid_search,ProviderNetwork,2024-09-10,9.66
MT_00515,CUST_0161,APP_00400,Camp3,paid_social,Meta,2024-01-07,2.58
MT_00516,CUST_0159,APP_00271,Camp1,paid_social,Google,2024-08-03,3.19
MT_00517,CUST_0148,APP_00249,Camp1,provider_referral,Meta,2024-03-09,7.12
MT_00518,CUST_0127,APP_00482,Camp3,paid_social,Meta,2024-03-09,6.56
MT_00519,CUST_0011,APP_00267,Camp3,paid_search,Google,2024-03-21,11.41
MT_00520,CUST_0165,APP_00193,Camp2,affiliate,ProviderNetwork,2024-01-30,9.13
MT_00521,CUST_0119,APP_00335,Camp2,paid_social,Meta,2024-03-13,6.43
MT_00522,CUST_0130,APP_00218,Camp2,affiliate,Google,2024-09-18,3.39
MT_00523,CUST_0033,APP_00115,Camp2,paid_social,ProviderNetwork,2024-03-29,4.18
MT_00524,CUST_0035,APP_00068,Camp3,affiliate,ProviderNetwork,2024-07-26,9.06
MT_00525,CUST_0075,APP_00299,Camp1,paid_social,Meta,2024-07-31,6.93
MT_00526,CUST_0128,APP_00325,Camp2,provider_referral,ProviderNetwork,2024-11-17,8.21
MT_00527,CUST_0137,APP_00483,Camp2,affiliate,ProviderNetwork,2024-09-22,3.39
MT_00528,CUST_0130,APP_00397,Camp3,paid_social,Google,2024-10-19,10.28
MT_00529,CUST_0194,APP_00394,Camp3,paid_social,Google,2024-07-25,12.94
MT_00530,CUST_0134,APP_00075,Camp1,provider_referral,ProviderNetwork,2024-11-28,4.61
MT_00531,CUST_0114,APP_00466,Camp1,provider_referral,Google,2024-03-17,7.88
MT_00532,CUST_0127,APP_00482,Camp3,provider_referral,ProviderNetwork,2024-10-14,14.66
MT_00533,CUST_0089,APP_00103,Camp2,affiliate,Meta,2024-02-16,5.67
MT_00534,CUST_0152,APP_00297,Camp2,affiliate,Google,2024-04-19,9.33
MT_00535,CUST_0096,APP_00490,Camp2,provider_referral,ProviderNetwork,2024-07-18,2.26
MT_00536,CUST_0128,APP_00178,Camp1,paid_search,ProviderNetwork,2024-07-28,9.48
MT_00537,CUST_0187,APP_00215,Camp2,paid_search,Google,2024-06-02,2.25
MT_00538,CUST_0006,APP_00455,Camp2,paid_social,Google,2024-01-10,14.43
MT_00539,CUST_0163,APP_00315,Camp3,paid_search,Meta,2024-12-18,11.02
MT_00540,CUST_0175,APP_00039,Camp2,paid_social,ProviderNetwork,2024-06-05,12.03
MT_00541,CUST_0052,APP_00259,Camp3,affiliate,Meta,2024-09-17,10.86
MT_00542,CUST_0186,APP_00204,Camp2,affiliate,Meta,2024-03-17,9.26
MT_00543,CUST_0189,APP_00007,Camp1,paid_search,Meta,2024-09-13,7.3
MT_00544,CUST_0073,APP_00049,Camp2,affiliate,Google,2024-05-10,13.02
MT_00545,CUST_0188,APP_00026,Camp2,provider_referral,Meta,2024-03-07,14.4
MT_00546,CUST_0187,APP_00161,Camp3,provider_referral,Google,2024-08-15,7.99
MT_00547,CUST_0192,APP_00357,Camp3,paid_search,Google,2024-06-11,14.04
MT_00548,CUST_0190,APP_00176,Camp3,paid_search,Meta,2024-01-15,9.17
MT_00549,CUST_0054,APP_00079,Camp2,paid_social,Meta,2024-08-19,8.54
MT_00550,CUST_0180,APP_00002,Camp2,affiliate,ProviderNetwork,2024-07-13,7.36
MT_00551,CUST_0034,APP_00489,Camp1,paid_social,Meta,2024-12-14,3.93
MT_00552,CUST_0054,APP_00383,Camp2,paid_social,ProviderNetwork,2024-01-30,1.05
MT_00553,CUST_0006,APP_00455,Camp1,provider_referral,Meta,2024-12-24,4.38
MT_00554,CUST_0173,APP_00416,Camp3,provider_referral,Meta,2024-12-03,8.14
MT_00555,CUST_0035,APP_00132,Camp3,provider_referral,Meta,2024-11-26,6.32
MT_00556,CUST_0090,APP_00276,Camp3,provider_referral,Meta,2024-11-11,7.28
MT_00557,CUST_0189,APP_00498,Camp1,paid_social,ProviderNetwork,2024-10-22,14.73
MT_00558,CUST_0005,APP_00117,Camp2,provider_referral,ProviderNetwork,2024-11-25,5.9
MT_00559,CUST_0066,APP_00164,Camp3,affiliate,Meta,2024-08-07,7.33
MT_00560,CUST_0099,APP_00288,Camp2,provider_referral,Meta,2024-05-26,2.87
MT_00561,CUST_0161,APP_00028,Camp2,provider_referral,ProviderNetwork,2024-09-15,1.67
MT_00562,CUST_0187,APP_00333,Camp3,provider_referral,Google,2024-10-18,11.86
MT_00563,CUST_0103,APP_00001,Camp1,paid_search,Google,2024-10-25,8.99
MT_00564,CUST_0103,APP_00188,Camp2,affiliate,Google,2024-05-22,11.65
MT_00565,CUST_0009,APP_00056,Camp3,affiliate,ProviderNetwork,2024-08-22,3.1
MT_00566,CUST_0188,APP_00035,Camp2,paid_social,ProviderNetwork,2024-04-24,9.01
MT_00567,CUST_0136,APP_00112,Camp2,paid_social,Google,2024-12-30,4.55
MT_00568,CUST_0160,APP_00286,Camp2,provider_referral,Google,2024-03-30,4.19
MT_00569,CUST_0128,APP_00310,Camp2,paid_search,Meta,2024-07-26,1.16
MT_00570,CUST_0015,APP_00036,Camp2,paid_social,ProviderNetwork,2024-06-12,2.82
MT_00571,CUST_0086,APP_00439,Camp1,paid_social,ProviderNetwork,2024-03-24,5.33
MT_00572,CUST_0002,APP_00217,Camp1,provider_referral,Google,2024-03-17,2.64
MT_00573,CUST_0191,APP_00080,Camp3,provider_referral,Google,2024-06-09,14.8
MT_00574,CUST_0054,APP_00314,Camp1,paid_social,ProviderNetwork,2024-01-05,5.32
MT_00575,CUST_0162,APP_00083,Camp1,paid_social,Meta,2024-03-18,2.82
MT_00576,CUST_0172,APP_00065,Camp1,affiliate,Google,2024-03-31,3.79
MT_00577,CUST_0128,APP_00325,Camp2,paid_search,ProviderNetwork,2024-03-27,9.23
MT_00578,CUST_0037,APP_00128,Camp2,affiliate,ProviderNetwork,2024-09-26,1.9
MT_00579,CUST_0153,APP_00307,Camp3,paid_social,Meta,2024-04-13,13.07
MT_00580,CUST_0158,APP_00022,Camp3,affiliate,Meta,2024-12-04,14.46
MT_00581,CUST_0113,APP_00216,Camp3,affiliate,Google,2024-06-23,4.45
MT_00582,CUST_0129,APP_00107,Camp2,paid_social,Google,2024-02-23,7.3
MT_00583,CUST_0063,APP_00109,Camp1,provider_referral,Google,2024-07-29,1.31
MT_00584,CUST_0095,APP_00372,Camp1,paid_social,ProviderNetwork,2024-04-04,9.97
MT_00585,CUST_0192,APP_00357,Camp2,provider_referral,Google,2024-08-10,6.79
MT_00586,CUST_0129,APP_00181,Camp3,paid_social,ProviderNetwork,2024-01-09,4.78
MT_00587,CUST_0035,APP_00356,Camp3,paid_social,Google,2024-02-22,3.9
MT_00588,CUST_0066,APP_00164,Camp3,paid_social,Meta,2024-03-17,10.16
MT_00589,CUST_0035,APP_00068,Camp2,paid_search,Meta,2024-07-24,6.83
MT_00590,CUST_0148,APP_00292,Camp3,provider_referral,ProviderNetwork,2024-11-11,3.52
MT_00591,CUST_0190,APP_00180,Camp3,paid_search,Meta,2024-10-28,10.65
MT_00592,CUST_0129,APP_00181,Camp2,paid_social,ProviderNetwork,2024-11-05,8.91
MT_00593,CUST_0114,APP_00466,Camp1,affiliate,ProviderNetwork,2024-11-25,13.02
MT_00594,CUST_0190,APP_00434,Camp2,paid_search,Meta,2024-04-21,2.64
MT_00595,CUST_0144,APP_00464,Camp2,provider_referral,ProviderNetwork,2024-12-16,12.0
MT_00596,CUST_0134,APP_00169,Camp2,paid_social,Meta,2024-06-13,10.43
MT_00597,CUST_0043,APP_00402,Camp2,paid_search,Google,2024-10-05,2.61
MT_00598,CUST_0158,APP_00022,Camp1,affiliate,Google,2024-01-27,10.73
MT_00599,CUST_0008,APP_00066,Camp3,paid_search,Meta,2024-03-10,7.18
MT_00600,CUST_0088,APP_00021,Camp2,provider_referral,Meta,2024-08-05,14.23
MT_00601,CUST_0015,APP_00100,Camp1,paid_search,Meta,2024-12-30,2.98
MT_00602,CUST_0058,APP_00384,Camp3,affiliate,Meta,2024-07-07,10.0
MT_00603,CUST_0113,APP_00300,Camp3,affiliate,Google,2024-11-28,6.35
MT_00604,CUST_0089,APP_00103,Camp3,provider_referral,ProviderNetwork,2024-11-01,14.4
MT_00605,CUST_0135,APP_00047,Camp2,affiliate,ProviderNetwork,2024-05-03,5.62
MT_00606,CUST_0175,APP_00039,Camp2,paid_social,Google,2024-01-19,14.47
MT_00607,CUST_0037,APP_00285,Camp3,affiliate,ProviderNetwork,2024-09-13,13.62
MT_00608,CUST_0128,APP_00310,Camp3,paid_social,Google,2024-10-22,4.79
MT_00609,CUST_0040,APP_00090,Camp3,paid_search,ProviderNetwork,2024-01-22,12.25
MT_00610,CUST_0014,APP_00085,Camp3,paid_social,Meta,2024-02-09,14.94
MT_00611,CUST_0099,APP_00273,Camp3,paid_social,Meta,2024-02-07,4.54
MT_00612,CUST_0022,APP_00336,Camp3,paid_search,Meta,2024-02-17,7.11
MT_00613,CUST_0103,APP_00188,Camp1,affiliate,Google,2024-07-01,8.28
MT_00614,CUST_0160,APP_00159,Camp3,paid_social,Google,2024-03-15,5.13
MT_00615,CUST_0097,APP_00243,Camp2,affiliate,ProviderNetwork,2024-07-27,1.21
MT_00616,CUST_0132,APP_00073,Camp2,paid_search,ProviderNetwork,2024-07-01,4.08
MT_00617,CUST_0117,APP_00479,Camp2,provider_referral,ProviderNetwork,2024-04-16,4.95
MT_00618,CUST_0168,APP_00462,Camp3,affiliate,Google,2024-07-06,7.21
MT_00619,CUST_0073,APP_00049,Camp2,affiliate,ProviderNetwork,2024-09-20,3.4
MT_00620,CUST_0045,APP_00101,Camp1,provider_referral,Meta,2024-03-26,13.23
MT_00621,CUST_0180,APP_00002,Camp3,provider_referral,ProviderNetwork,2024-11-19,10.87
MT_00622,CUST_0124,APP_00244,Camp2,paid_search,Meta,2024-11-26,2.19
MT_00623,CUST_0190,APP_00176,Camp1,affiliate,Google,2024-05-16,10.1
MT_00624,CUST_0116,APP_00238,Camp1,affiliate,Meta,2024-12-11,10.15
MT_00625,CUST_0017,APP_00398,Camp2,paid_search,Meta,2024-12-01,14.39
MT_00626,CUST_0130,APP_00059,Camp1,affiliate,Meta,2024-04-04,1.04
MT_00627,CUST_0048,APP_00353,Camp2,paid_social,Google,2024-11-21,4.47
MT_00628,CUST_0157,APP_00099,Camp1,paid_social,Google,2024-09-01,13.99
MT_00629,CUST_0170,APP_00442,Camp3,paid_social,Google,2024-03-30,14.05
MT_00630,CUST_0017,APP_00359,Camp3,affiliate,Google,2024-02-28,11.09
MT_00631,CUST_0170,APP_00442,Camp3,paid_social,ProviderNetwork,2024-01-28,11.72
MT_00632,CUST_0117,APP_00495,Camp3,paid_social,Google,2024-03-12,2.28
MT_00633,CUST_0125,APP_00435,Camp3,paid_search,Meta,2024-09-26,8.19
MT_00634,CUST_0106,APP_00468,Camp2,paid_search,Google,2024-01-24,4.24
MT_00635,CUST_0180,APP_00002,Camp3,provider_referral,ProviderNetwork,2024-04-21,3.54
MT_00636,CUST_0097,APP_00243,Camp3,provider_referral,ProviderNetwork,2024-10-26,12.34
MT_00637,CUST_0152,APP_00297,Camp3,provider_referral,ProviderNetwork,2024-02-25,2.89
MT_00638,CUST_0101,APP_00211,Camp3,provider_referral,Meta,2024-08-10,7.56
MT_00639,CUST_0162,APP_00123,Camp1,paid_search,Google,2024-04-29,14.14
MT_00640,CUST_0160,APP_00229,Camp3,paid_search,Google,2024-06-27,3.6
MT_00641,CUST_0044,APP_00082,Camp3,paid_search,Google,2024-10-14,14.69
MT_00642,CUST_0090,APP_00144,Camp2,paid_social,Meta,2024-10-07,14.92
MT_00643,CUST_0024,APP_00388,Camp1,paid_social,Meta,2024-07-07,8.78
MT_00644,CUST_0103,APP_00140,Camp2,provider_referral,ProviderNetwork,2024-03-06,3.38
MT_00645,CUST_0058,APP_00029,Camp3,paid_social,ProviderNetwork,2024-10-24,5.43
MT_00646,CUST_0175,APP_00391,Camp2,affiliate,Google,2024-09-05,6.94
MT_00647,CUST_0151,APP_00270,Camp2,paid_search,Meta,2024-03-16,5.33
MT_00648,CUST_0093,APP_00247,Camp3,provider_referral,Meta,2024-05-16,4.93
MT_00649,CUST_0088,APP_00012,Camp1,provider_referral,Google,2024-06-12,14.61
MT_00650,CUST_0004,APP_00355,Camp1,affiliate,Google,2024-08-20,3.15
MT_00651,CUST_0114,APP_00389,Camp2,paid_social,ProviderNetwork,2024-09-11,11.27
MT_00652,CUST_0158,APP_00337,Camp3,provider_referral,ProviderNetwork,2024-10-20,1.01
MT_00653,CUST_0088,APP_00106,Camp2,paid_social,ProviderNetwork,2024-06-18,9.35
MT_00654,CUST_0049,APP_00032,Camp2,paid_social,Google,2024-11-12,13.82
MT_00655,CUST_0002,APP_00074,Camp2,affiliate,Google,2024-06-22,5.03
MT_00656,CUST_0028,APP_00171,Camp3,provider_referral,ProviderNetwork,2024-12-10,3.6
MT_00657,CUST_0158,APP_00337,Camp3,paid_social,ProviderNetwork,2024-01-18,10.12
MT_00658,CUST_0081,APP_00069,Camp1,paid_social,Meta,2024-03-10,10.98
MT_00659,CUST_0164,APP_00301,Camp3,affiliate,Meta,2024-12-03,10.63
MT_00660,CUST_0046,APP_00362,Camp2,affiliate,ProviderNetwork,2024-04-25,5.47
MT_00661,CUST_0001,APP_00137,Camp2,paid_social,ProviderNetwork,2024-03-20,4.53
MT_00662,CUST_0063,APP_00433,Camp1,affiliate,Meta,2024-01-15,14.38
MT_00663,CUST_0020,APP_00417,Camp3,paid_social,ProviderNetwork,2024-06-24,13.93
MT_00664,CUST_0140,APP_00484,Camp2,provider_referral,Meta,2024-09-25,7.4
MT_00665,CUST_0015,APP_00100,Camp1,paid_search,Meta,2024-04-28,12.85
MT_00666,CUST_0124,APP_00146,Camp1,affiliate,Meta,2024-10-25,7.33
MT_00667,CUST_0103,APP_00009,Camp2,paid_search,Google,2024-07-06,6.94
MT_00668,CUST_0111,APP_00062,Camp2,paid_social,Google,2024-02-26,3.19
MT_00669,CUST_0121,APP_00185,Camp3,paid_social,ProviderNetwork,2024-07-17,6.97
MT_00670,CUST_0058,APP_00029,Camp1,paid_social,Meta,2024-01-17,8.52
MT_00671,CUST_0018,APP_00381,Camp2,paid_search,Google,2024-10-14,1.32
MT_00672,CUST_0163,APP_00114,Camp1,paid_social,ProviderNetwork,2024-02-24,7.22
MT_00673,CUST_0168,APP_00462,Camp3,affiliate,ProviderNetwork,2024-09-25,11.94
MT_00674,CUST_0153,APP_00409,Camp2,provider_referral,ProviderNetwork,2024-10-29,10.52
MT_00675,CUST_0015,APP_00143,Camp3,provider_referral,ProviderNetwork,2024-03-27,9.89
MT_00676,CUST_0032,APP_00390,Camp1,affiliate,ProviderNetwork,2024-11-13,13.73
MT_00677,CUST_0135,APP_00120,Camp3,provider_referral,Meta,2024-01-29,1.25
MT_00678,CUST_0028,APP_00170,Camp3,paid_search,ProviderNetwork,2024-01-22,8.8
MT_00679,CUST_0036,APP_00157,Camp1,paid_social,Meta,2024-11-16,12.02
MT_00680,CUST_0119,APP_00335,Camp3,paid_social,Google,2024-10-11,8.58
MT_00681,CUST_0111,APP_00349,Camp1,paid_social,ProviderNetwork,2024-02-17,5.53
MT_00682,CUST_0161,APP_00260,Camp2,paid_search,Google,2024-01-05,2.91
MT_00683,CUST_0044,APP_00082,Camp1,paid_search,Meta,2024-09-06,13.43
MT_00684,CUST_0144,APP_00242,Camp1,paid_search,Meta,2024-06-11,7.59
MT_00685,CUST_0180,APP_00441,Camp2,affiliate,Google,2024-07-20,13.29
MT_00686,CUST_0063,APP_00433,Camp1,paid_search,ProviderNetwork,2024-04-10,9.2
MT_00687,CUST_0108,APP_00172,Camp2,provider_referral,ProviderNetwork,2024-03-11,10.44
MT_00688,CUST_0183,APP_00231,Camp2,affiliate,Google,2024-06-11,12.26
MT_00689,CUST_0130,APP_00208,Camp1,affiliate,Google,2024-06-21,10.23
MT_00690,CUST_0134,APP_00075,Camp3,affiliate,Google,2024-05-20,6.57
MT_00691,CUST_0151,APP_00270,Camp3,paid_search,ProviderNetwork,2024-05-17,8.19
MT_00692,CUST_0174,APP_00387,Camp2,affiliate,ProviderNetwork,2024-03-06,12.24
MT_00693,CUST_0192,APP_00499,Camp3,paid_search,ProviderNetwork,2024-07-16,6.23
MT_00694,CUST_0163,APP_00114,Camp3,paid_search,Google,2024-11-23,6.43
MT_00695,CUST_0111,APP_00062,Camp1,affiliate,ProviderNetwork,2024-08-15,2.34
MT_00696,CUST_0046,APP_00362,Camp2,paid_social,Meta,2024-10-07,13.8
MT_00697,CUST_0033,APP_00320,Camp2,paid_social,Google,2024-06-20,2.27
MT_00698,CUST_0065,APP_00102,Camp1,affiliate,ProviderNetwork,2024-11-11,10.07
MT_00699,CUST_0086,APP_00429,Camp3,paid_social,Google,2024-02-09,6.78
MT_00700,CUST_0046,APP_00362,Camp2,provider_referral,Meta,2024-01-07,6.68
MT_00701,CUST_0113,APP_00210,Camp3,provider_referral,Meta,2024-06-22,10.51
MT_00702,CUST_0170,APP_00442,Camp2,paid_search,Google,2024-05-30,1.94
MT_00703,CUST_0147,APP_00255,Camp2,paid_social,Google,2024-07-29,9.31
MT_00704,CUST_0002,APP_00020,Camp2,provider_referral,Meta,2024-10-28,11.81
MT_00705,CUST_0053,APP_00058,Camp2,affiliate,Google,2024-03-26,12.59
MT_00706,CUST_0136,APP_00112,Camp3,paid_social,Meta,2024-09-09,3.39
MT_00707,CUST_0063,APP_00473,Camp3,provider_referral,Meta,2024-01-21,13.56
MT_00708,CUST_0194,APP_00313,Camp3,provider_referral,ProviderNetwork,2024-09-13,10.19
MT_00709,CUST_0058,APP_00486,Camp3,affiliate,Google,2024-02-02,13.35
MT_00710,CUST_0055,APP_00461,Camp1,paid_search,Google,2024-09-16,7.79
MT_00711,CUST_0152,APP_00196,Camp2,affiliate,ProviderNetwork,2024-08-21,8.59
MT_00712,CUST_0116,APP_00375,Camp2,paid_search,Meta,2024-01-03,13.87
MT_00713,CUST_0168,APP_00462,Camp2,provider_referral,Google,2024-12-12,13.6
MT_00714,CUST_0048,APP_00353,Camp1,paid_search,ProviderNetwork,2024-11-03,7.27
MT_00715,CUST_0111,APP_00092,Camp3,provider_referral,ProviderNetwork,2024-08-14,4.84
MT_00716,CUST_0132,APP_00052,Camp2,provider_referral,Google,2024-10-10,6.5
MT_00717,CUST_0152,APP_00293,Camp3,paid_social,ProviderNetwork,2024-03-10,6.43
MT_00718,CUST_0021,APP_00008,Camp3,paid_search,Meta,2024-11-08,5.02
MT_00719,CUST_0113,APP_00300,Camp1,paid_search,ProviderNetwork,2024-12-29,4.76
MT_00720,CUST_0041,APP_00098,Camp1,paid_search,Meta,2024-09-10,13.05
MT_00721,CUST_0024,APP_00236,Camp3,affiliate,Meta,2024-05-23,1.98
MT_00722,CUST_0114,APP_00389,Camp2,paid_social,Google,2024-01-24,10.49
MT_00723,CUST_0188,APP_00374,Camp2,paid_social,ProviderNetwork,2024-08-21,3.42
MT_00724,CUST_0081,APP_00069,Camp1,paid_social,Meta,2024-11-28,5.82
MT_00725,CUST_0036,APP_00415,Camp1,affiliate,Meta,2024-06-23,1.86
MT_00726,CUST_0131,APP_00045,Camp1,paid_search,ProviderNetwork,2024-11-27,4.78
MT_00727,CUST_0001,APP_00137,Camp1,paid_search,Meta,2024-11-20,11.76
MT_00728,CUST_0145,APP_00234,Camp1,paid_search,ProviderNetwork,2024-12-22,13.39
MT_00729,CUST_0049,APP_00032,Camp1,paid_social,Google,2024-06-07,4.1
MT_00730,CUST_0147,APP_00289,Camp1,paid_social,Meta,2024-12-13,7.49
MT_00731,CUST_0151,APP_00126,Camp2,provider_referral,Meta,2024-12-13,7.58
MT_00732,CUST_0175,APP_00067,Camp1,affiliate,ProviderNetwork,2024-10-12,13.23
MT_00733,CUST_0022,APP_00030,Camp1,affiliate,ProviderNetwork,2024-01-18,11.68
MT_00734,CUST_0163,APP_00114,Camp2,paid_social,ProviderNetwork,2024-02-13,8.18
MT_00735,CUST_0186,APP_00204,Camp2,provider_referral,ProviderNetwork,2024-06-03,10.39
MT_00736,CUST_0058,APP_00029,Camp3,paid_search,Meta,2024-12-20,12.86
MT_00737,CUST_0104,APP_00131,Camp1,paid_social,Google,2024-08-18,1.13
MT_00738,CUST_0019,APP_00474,Camp1,affiliate,Google,2024-11-11,6.64
MT_00739,CUST_0121,APP_00185,Camp1,affiliate,Google,2024-08-12,13.7
MT_00740,CUST_0090,APP_00253,Camp1,affiliate,Google,2024-08-04,11.36
MT_00741,CUST_0160,APP_00286,Camp3,paid_search,ProviderNetwork,2024-02-25,8.6
MT_00742,CUST_0151,APP_00393,Camp2,affiliate,Meta,2024-01-31,8.42
MT_00743,CUST_0152,APP_00410,Camp2,paid_search,Meta,2024-12-22,5.87
MT_00744,CUST_0104,APP_00386,Camp1,paid_search,Meta,2024-02-28,8.29
MT_00745,CUST_0111,APP_00062,Camp1,paid_search,ProviderNetwork,2024-12-18,10.18
MT_00746,CUST_0093,APP_00003,Camp1,paid_social,Meta,2024-08-22,6.86
MT_00747,CUST_0051,APP_00430,Camp3,paid_search,ProviderNetwork,2024-04-16,11.0
MT_00748,CUST_0035,APP_00068,Camp3,provider_referral,Meta,2024-07-09,13.06
MT_00749,CUST_0192,APP_00025,Camp2,affiliate,Google,2024-01-18,3.17
MT_00750,CUST_0092,APP_00179,Camp1,paid_social,ProviderNetwork,2024-08-13,7.32
MT_00751,CUST_0027,APP_00141,Camp1,affiliate,Meta,2024-06-15,6.71
MT_00752,CUST_0183,APP_00231,Camp1,paid_search,Google,2024-03-11,10.62
MT_00753,CUST_0113,APP_00300,Camp1,paid_social,Google,2024-12-27,4.5
MT_00754,CUST_0028,APP_00163,Camp3,provider_referral,Google,2024-02-23,9.96
MT_00755,CUST_0110,APP_00311,Camp2,paid_search,ProviderNetwork,2024-09-01,13.28
MT_00756,CUST_0145,APP_00471,Camp2,affiliate,ProviderNetwork,2024-12-15,6.85
MT_00757,CUST_0151,APP_00393,Camp3,provider_referral,Meta,2024-03-16,13.75
MT_00758,CUST_0172,APP_00130,Camp1,paid_search,Google,2024-02-04,14.9
MT_00759,CUST_0054,APP_00445,Camp2,provider_referral,Meta,2024-09-23,2.49
MT_00760,CUST_0070,APP_00246,Camp2,paid_search,Meta,2024-11-12,4.26
MT_00761,CUST_0152,APP_00297,Camp3,paid_social,Google,2024-10-26,14.31
MT_00762,CUST_0108,APP_00172,Camp1,paid_search,Meta,2024-04-30,14.42
MT_00763,CUST_0199,APP_00064,Camp2,paid_social,ProviderNetwork,2024-11-19,2.37
MT_00764,CUST_0089,APP_00031,Camp1,paid_search,Meta,2024-01-25,1.21
MT_00765,CUST_0118,APP_00492,Camp2,paid_search,Google,2024-06-08,3.26
MT_00766,CUST_0135,APP_00047,Camp3,affiliate,ProviderNetwork,2024-03-24,14.94
MT_00767,CUST_0172,APP_00130,Camp1,provider_referral,ProviderNetwork,2024-04-23,3.52
MT_00768,CUST_0061,APP_00352,Camp3,provider_referral,Meta,2024-08-10,8.04
MT_00769,CUST_0114,APP_00466,Camp2,provider_referral,Meta,2024-06-14,12.88
MT_00770,CUST_0187,APP_00333,Camp3,paid_search,ProviderNetwork,2024-07-09,1.29
MT_00771,CUST_0139,APP_00110,Camp3,paid_search,Meta,2024-06-23,9.46
MT_00772,CUST_0081,APP_00069,Camp3,paid_search,Google,2024-01-01,4.88
MT_00773,CUST_0053,APP_00058,Camp2,paid_social,Meta,2024-08-16,13.07
MT_00774,CUST_0088,APP_00106,Camp1,paid_social,Meta,2024-03-26,4.97
MT_00775,CUST_0113,APP_00300,Camp3,affiliate,ProviderNetwork,2024-03-02,10.61
MT_00776,CUST_0128,APP_00330,Camp1,paid_search,Meta,2024-11-15,10.44
MT_00777,CUST_0148,APP_00256,Camp2,provider_referral,Meta,2024-07-24,4.1
MT_00778,CUST_0082,APP_00312,Camp1,provider_referral,Meta,2024-04-14,1.49
MT_00779,CUST_0028,APP_00171,Camp3,affiliate,Google,2024-11-13,6.73
MT_00780,CUST_0054,APP_00383,Camp3,provider_referral,Meta,2024-10-17,5.05
MT_00781,CUST_0063,APP_00473,Camp3,affiliate,Google,2024-09-06,12.33
MT_00782,CUST_0086,APP_00162,Camp3,paid_search,Google,2024-01-13,12.21
MT_00783,CUST_0129,APP_00485,Camp3,provider_referral,Google,2024-06-11,7.4
MT_00784,CUST_0160,APP_00286,Camp3,paid_search,Google,2024-02-12,9.49
MT_00785,CUST_0050,APP_00071,Camp2,paid_social,ProviderNetwork,2024-04-20,9.46
MT_00786,CUST_0147,APP_00255,Camp2,provider_referral,Google,2024-07-23,12.58
MT_00787,CUST_0196,APP_00454,Camp2,paid_social,Meta,2024-09-12,6.95
MT_00788,CUST_0188,APP_00374,Camp1,provider_referral,Google,2024-11-02,4.86
MT_00789,CUST_0014,APP_00055,Camp1,paid_search,Meta,2024-05-23,4.71
MT_00790,CUST_0048,APP_00323,Camp2,affiliate,Google,2024-05-25,8.51
MT_00791,CUST_0130,APP_00397,Camp1,paid_search,ProviderNetwork,2024-10-27,7.29
MT_00792,CUST_0093,APP_00003,Camp1,paid_search,Google,2024-06-12,7.16
MT_00793,CUST_0188,APP_00026,Camp3,paid_search,Google,2024-06-17,2.28
MT_00794,CUST_0194,APP_00313,Camp3,provider_referral,ProviderNetwork,2024-10-24,11.06
MT_00795,CUST_0151,APP_00126,Camp1,affiliate,Google,2024-08-20,3.99
MT_00796,CUST_0050,APP_00408,Camp1,paid_social,Meta,2024-09-27,3.76
MT_00797,CUST_0089,APP_00053,Camp2,paid_search,Google,2024-02-29,6.78
MT_00798,CUST_0118,APP_00198,Camp1,provider_referral,Google,2024-10-22,4.19
MT_00799,CUST_0075,APP_00299,Camp3,paid_social,Google,2024-08-22,9.17
MT_00800,CUST_0103,APP_00188,Camp1,paid_search,ProviderNetwork,2024-06-13,6.2
